,book_rank,book_poster,book_name,book_writer,book_rating,book_review,book_price
0,1,"https://images-eu.ssl-images-amazon.com/images/I/711c-uf6AFL._AC_UL302_SR302,200_.jpg",My First Library: Boxset of 10 Board Books for Kids,Wonder House Books,4.5,59119,399.00
1,2,"https://images-eu.ssl-images-amazon.com/images/I/91bYsX41DVL._AC_UL302_SR302,200_.jpg",Atomic Habits: The life-changing million copy bestseller,James Clear,4.7,53489,496.00
2,3,"https://images-eu.ssl-images-amazon.com/images/I/81y5CSFOXuL._AC_UL302_SR302,200_.jpg","Amazon Brand - Solimo Long Board Book, Set of 10 (Alphabets, Fruits, Numbers, Vegetables, Words, Animals, Birds, Vehicles, General Knowledge, Nursery Rhymes)",Solimo,4.6,376,
3,4,"https://images-eu.ssl-images-amazon.com/images/I/71g2ednj0JL._AC_UL302_SR302,200_.jpg",The Psychology of Money,Morgan Housel,4.6,43244,245.00
4,5,"https://images-eu.ssl-images-amazon.com/images/I/81l3rZK4lnL._AC_UL302_SR302,200_.jpg",Ikigai: The Japanese secret to a long and happy life,Héctor García,4.6,35661,345.00
5,6,"https://images-eu.ssl-images-amazon.com/images/I/81bsw6fnUiL._AC_UL302_SR302,200_.jpg",Rich Dad Poor Dad: What the Rich Teach Their Kids About Money That the Poor and Middle Class Do Not!,Robert T. Kiyosaki,4.6,69185,379.00
6,7,"https://images-eu.ssl-images-amazon.com/images/I/71sBtM3Yi5L._AC_UL302_SR302,200_.jpg",The Power of Your Subconscious Mind,Joseph Murphy,4.5,57645,109.00
7,8,"https://images-eu.ssl-images-amazon.com/images/I/81jv44QdNwL._AC_UL302_SR302,200_.jpg","Grandma's Bag of Stories: Collection of 20+ Illustrated short stories, traditional Indian folk tales for all ages for children of all ages by Sudha Murty",Sudha Murty,4.6,15252,162.00
8,9,"https://images-eu.ssl-images-amazon.com/images/I/91+T1TAxkKL._AC_UL302_SR302,200_.jpg",War of Lanka (Ram Chandra Series Book 4),Amish Tripathi,,,407.00
9,10,"https://images-eu.ssl-images-amazon.com/images/I/7175YpTSa7L._AC_UL302_SR302,200_.jpg",Brain Activity Book for Kids - 200+ Activities for Age 3+,Maple Press,4.5,1220,81.00
10,11,"https://images-eu.ssl-images-amazon.com/images/I/818e+fq7+BL._AC_UL302_SR302,200_.jpg",Word Power Made Easy,Norman Lewis,4.4,41592,121.00
11,12,"https://images-eu.ssl-images-amazon.com/images/I/516teHFu7gL._AC_UL302_SR302,200_.jpg",The Answer Writing Manual for UPSC Civil Services & State PSC Examinations,Srushti Deshmukh Gowda IAS,4.7,375,359.00
12,13,"https://images-eu.ssl-images-amazon.com/images/I/81N7FmJhbhL._AC_UL302_SR302,200_.jpg","Life's Amazing Secrets: How to Find Balance and Purpose in Your Life | Inspirational Zen book on motivation, self-development & healthy living",Gaur Gopal Das,4.6,16651,162.00
13,14,"https://images-eu.ssl-images-amazon.com/images/I/71Pl6DkHW4L._AC_UL302_SR302,200_.jpg",28 Years UPSC Civil Services IAS Prelims Topic-wise Solved Papers 1 & 2 (1995 - 2022) 13th Edition,Mrunal Patel,4.1,78,370.00
14,15,"https://images-eu.ssl-images-amazon.com/images/I/810OOg88LoL._AC_UL302_SR302,200_.jpg",My First Book of Pencil Control : Practice Pattern Writing (Full Color Pages): Patterns Practice book for kids (Pattern Writing),Wonder House Books,4.4,20146,80.00
15,16,"https://images-eu.ssl-images-amazon.com/images/I/71owQ+uazdL._AC_UL302_SR302,200_.jpg","Oxford Student Atlas for India, Fourth Edition - Useful for Competitive Exams",Oxford University Press,4.4,4419,183.00
16,17,"https://images-eu.ssl-images-amazon.com/images/I/81+iwx4WZxL._AC_UL302_SR302,200_.jpg","MTG Objective NCERT at your FINGERTIPS - Biology, Best NEET Books (Based on NCERT Pattern - Latest & Revised Edition 2022)",MTG Editorial Board,4.5,1582,558.00
17,18,"https://images-eu.ssl-images-amazon.com/images/I/618XGVFYlwL._AC_UL302_SR302,200_.jpg",How to Win Friends and Influence People,Dale Carnegie,4.5,71899,99.00
18,19,"https://images-eu.ssl-images-amazon.com/images/I/71j0FLAauxL._AC_UL302_SR302,200_.jpg",It Ends With Us: A Novel: Volume 1,Colleen Hoover,4.5,127144,309.00
19,20,"https://images-eu.ssl-images-amazon.com/images/I/61nUUn+1F-L._AC_UL302_SR302,200_.jpg",Mathematics for Class 10 - CBSE - by R.D. Sharma Examination 2022-23,R.D. Sharma,4.5,870,526.00
20,21,"https://images-eu.ssl-images-amazon.com/images/I/61ilt8FWEnL._AC_UL302_SR302,200_.jpg",Trading Chart Breakout Pattern & Candlestick Pattern Pocket Study,Akash Kundur,4.2,353,199.00
21,22,"https://images-eu.ssl-images-amazon.com/images/I/71xWWxjzF7L._AC_UL302_SR302,200_.jpg","My First Mythology Tale (Illustrated) (Set of 5 Books) - Mahabharata, Krishna, Hanuman, Ganesha, Ramayana - Story Book for Kids - English Short Stories with Colourful Pictures - Read Aloud to Infants, Toddlers",Maple Press,4.4,4791,163.00
22,23,"https://images-eu.ssl-images-amazon.com/images/I/71ePXM6nOdL._AC_UL302_SR302,200_.jpg",Indian Polity ( English| 6th Revised Edition) | UPSC | Civil Services Exam | State Administrative Exams,M Laxmikanth,4.5,1736,705.00
23,24,"https://images-eu.ssl-images-amazon.com/images/I/91rasc9GEgL._AC_UL302_SR302,200_.jpg",Concept of Physics by H.C Verma Part - I - Session 2022-23,H.C. Verma,4.6,10818,411.00
24,25,"https://images-eu.ssl-images-amazon.com/images/I/81IR4C5PU5L._AC_UL302_SR302,200_.jpg",Moral Story Books for Kids (Pack of 10 Books) | 160 Total Pages | Illustrated Stories,Young Angels Publishing,4.3,5069,249.00
25,26,"https://images-eu.ssl-images-amazon.com/images/I/71frknp-CWL._AC_UL302_SR302,200_.jpg",World’s Greatest Books For Personal Growth & Wealth (Set of 4 Books): Perfect Motivational Gift Set,Dale Carnegie,4.5,19873,299.00
26,27,"https://images-eu.ssl-images-amazon.com/images/I/710jnzKlDTL._AC_UL302_SR302,200_.jpg",Attitude Is Everything: Change Your Attitude ... Change Your Life!,Jeff Keller,4.5,18864,152.13
27,28,"https://images-eu.ssl-images-amazon.com/images/I/81CxXmRFnBL._AC_UL302_SR302,200_.jpg",Best of Children’s Classics (Set of 5 Books): Perfect Gift Set for Kids,Antoine de Saint-Exupéry,4.4,4585,499.00
28,29,"https://images-eu.ssl-images-amazon.com/images/I/813uPMOnskL._AC_UL302_SR302,200_.jpg",You Can,George Matthew Adams,4.5,1158,99.00
29,30,"https://images-eu.ssl-images-amazon.com/images/I/61fp0RQR+9L._AC_UL302_SR302,200_.jpg",The Almanack Of Naval Ravikant: A Guide to Wealth and Happiness,Eric Jorgenson,4.7,7806,199.00
30,31,"https://images-eu.ssl-images-amazon.com/images/I/61boBtfrz5L._AC_UL302_SR302,200_.jpg",Ret Samadhi - Hindi,Geetanjali Shree,4.2,627,270.00
31,32,"https://images-eu.ssl-images-amazon.com/images/I/71k7V0QvcdL._AC_UL302_SR302,200_.jpg","The Courage To Be Disliked: How to free yourself, change your life and achieve real happiness (Courage To series)",Ichiro Kishimi and Fumitake Koga,4.5,5239,332.00
32,33,"https://images-eu.ssl-images-amazon.com/images/I/71aFt4+OTOL._AC_UL302_SR302,200_.jpg",The Alchemist,Paulo Coelho,4.6,88621,224.00
33,34,"https://images-eu.ssl-images-amazon.com/images/I/61FKSwvJ79L._AC_UL302_SR302,200_.jpg",CBSE All In One Science Class 10 2022-23 Edition (As per latest CBSE Syllabus issued on 21 April 2022),"Rashmi Gupta Sonal Singh ,Ruchi Kapoor,Imran Ahmad , Sanubai",4.4,411,369.00
34,35,"https://images-eu.ssl-images-amazon.com/images/I/81WCSu2RoJS._AC_UL302_SR302,200_.jpg",Animals Tales From Panchtantra: Timeless Stories for Children From Ancient India,Wonder House Books,4.5,3375,129.00
35,36,"https://images-eu.ssl-images-amazon.com/images/I/81lxhkz6S-L._AC_UL302_SR302,200_.jpg",CBSE All In One Social Science Class 10 2022-23 Edition (As per latest CBSE Syllabus issued on 21 April 2022),Farah Sultan Madhumita Pattrea,4.3,112,309.00
36,37,"https://images-eu.ssl-images-amazon.com/images/I/6196RAUWoyL._AC_UL302_SR302,200_.jpg",Rich Dad Poor Dad - 20Th Anniversary Edition - Hindi,Robert T. Kiyosaki,4.5,11819,208.00
37,38,"https://images-eu.ssl-images-amazon.com/images/I/81j0Jii6mZL._AC_UL302_SR302,200_.jpg",Picture Books Collection for Early Learning (Set of 12),E C Axus,4.3,16031,237.00
38,39,"https://images-eu.ssl-images-amazon.com/images/I/91+t0Di07FL._AC_UL302_SR302,200_.jpg",The Intelligent Investor (English) Paperback – 2013,Benjamin Graham,4.5,37214,479.00
39,40,"https://images-eu.ssl-images-amazon.com/images/I/713PolAKv8L._AC_UL302_SR302,200_.jpg",Quantitative Aptitude for Competitive Examinations,R S Aggarwal,4.4,27044,469.00
40,41,"https://images-eu.ssl-images-amazon.com/images/I/91JF20MpJmL._AC_UL302_SR302,200_.jpg",Mathematics for Class 9 - CBSE - by R.D. Sharma Examination 2022-23,R.D. Sharma,4.6,527,575.00
41,42,"https://images-eu.ssl-images-amazon.com/images/I/81vHR1cX5eL._AC_UL302_SR302,200_.jpg",Tomb of Sand - WINNER OF THE INTERNATIONAL BOOKER PRIZE 2022,Geetanjali Shree,4.4,359,415.00
42,43,"https://images-eu.ssl-images-amazon.com/images/I/31IeQriLrXS._AC_UL302_SR302,200_.jpg",Mathematics for Class 11 (Set of 2 Vol.) - CBSE - by R.D. Sharma Examination 2022-23,R.D. Sharma,4.6,117,650.00
43,44,"https://images-eu.ssl-images-amazon.com/images/I/81Hyz0L2rVL._AC_UL302_SR302,200_.jpg","QOKZEK Magic Practice Copybook, (4 BOOK + 1 PEN + 10 REFILL) Number Tracing Book for Preschoolers with Pen, Magic calligraphy books for kids Reusable Writing Tool (19*13 cm)",QOKZEK,4.6,1124,298.00
44,45,"https://images-eu.ssl-images-amazon.com/images/I/310ILDQr5lL._AC_UL302_SR302,200_.jpg",Brijbhoomi Books And Handicrafts® Bhagavad Gita: Yatharoop,Brijbhoomi Books And Handicrafts,4.8,12810,160.00
45,46,"https://images-eu.ssl-images-amazon.com/images/I/618gbRfPRVL._AC_UL302_SR302,200_.jpg",Learn with Adi | Morning to Evening conversation | English Connection,Adwita Keshari,3.5,81,150.00
46,47,"https://images-eu.ssl-images-amazon.com/images/I/71UwSHSZRnS._AC_UL302_SR302,200_.jpg",The Power of Your Subconscious Mind,Joseph Murphy,4.5,57645,115.00
47,48,"https://images-eu.ssl-images-amazon.com/images/I/814zov0PvQL._AC_UL302_SR302,200_.jpg","Writing Practice Boxset: Pack of 4 Books (Writing Fun: Write and Practice Capital Letters, Small Letters, Patterns and Numbers 1 to 10)",Wonder House Books,4.3,9739,159.00
48,49,"https://images-eu.ssl-images-amazon.com/images/I/71o-WKamTvL._AC_UL302_SR302,200_.jpg","9 Years Topic Wise UPSC Civil Services IAS Mains Solved Papers (2022 to 2013) for Paper B (Compulsory English), Paper I (Essay), & Paper II - V (General Studies Papers 1 to 4) 3rd Edition",Disha Experts,4.3,258,299.00
49,50,"https://images-eu.ssl-images-amazon.com/images/I/814IUt6WOKL._AC_UL302_SR302,200_.jpg",DEEP WORK: RULES FOR FOCUSED SUCCESS IN A DISTRACTED WORLD,Cal Newport,4.5,13556,254.00
50,51,"https://images-eu.ssl-images-amazon.com/images/I/81GEhSSrjKL._AC_UL302_SR302,200_.jpg",Colour With Crayons Book 1 for Kids Age 1 -6 Years - Drawing and Colouring Book for Early Learners,Dreamland Publications,4.2,6363,56.00
51,52,"https://images-eu.ssl-images-amazon.com/images/I/41atPf++R5L._AC_UL302_SR302,200_.jpg","Dear Stranger, You Deserve To Be Loved",,4.8,114,194.35
52,53,"https://images-eu.ssl-images-amazon.com/images/I/81NYuWzsJcS._AC_UL302_SR302,200_.jpg",The Richest Man in Babylon,George S. Clason,4.5,30693,98.00
53,54,"https://images-eu.ssl-images-amazon.com/images/I/71e9MY-XE9L._AC_UL302_SR302,200_.jpg",The Blue Umbrella,Ruskin Bond,4.5,12136,95.00
54,55,"https://images-eu.ssl-images-amazon.com/images/I/814jC+rODgL._AC_UL302_SR302,200_.jpg",The Subtle Art of Not Giving a F*ck: A Counterintuitive Approach to Living a Good Life,Mark Manson,4.5,74403,260.00
55,56,"https://images-eu.ssl-images-amazon.com/images/I/81Gbz0XnW7L._AC_UL302_SR302,200_.jpg",Encyclopedia: Amazing Questions & Answers Science,Om Books Editorial Team,4.5,2011,139.30
56,57,"https://images-eu.ssl-images-amazon.com/images/I/7124v3KPB6L._AC_UL302_SR302,200_.jpg",My First 4 in 1 Alphabet Numbers Colours Shapes: Padded Board Books,Wonder House Books,4.3,3510,159.00
57,58,"https://images-eu.ssl-images-amazon.com/images/I/61nTspM+BYL._AC_UL302_SR302,200_.jpg",Man's Search For Meaning: The classic tribute to hope from the Holocaust,Viktor E Frankl,4.5,49168,213.00
58,59,"https://images-eu.ssl-images-amazon.com/images/I/81sFNG-pBIL._AC_UL302_SR302,200_.jpg",101 Brain Booster Activity Book: Fun Activity Book For Children,Wonder House Books,4.4,4542,139.00
59,60,"https://images-eu.ssl-images-amazon.com/images/I/71XSiIb2GKL._AC_UL302_SR302,200_.jpg",How to Prepare for QUANTITATIVE APTITUDE for CAT |10th Edition | With CAT Practice Tests on Pull Marks,ARUN SHARMA,4.5,21,705.00
60,61,"https://images-eu.ssl-images-amazon.com/images/I/71Bz8NshEVL._AC_UL302_SR302,200_.jpg",THE SILENT PATIENT,Alex Michaelides,4.5,121078,240.00
61,62,"https://images-eu.ssl-images-amazon.com/images/I/61kRkfsIMUL._AC_UL302_SR302,200_.jpg",DO EPIC SHIT,Ankur Warikoo,4.5,5686,248.00
62,63,"https://images-eu.ssl-images-amazon.com/images/I/710pKlvBu+L._AC_UL302_SR302,200_.jpg","Thinking, Fast and Slow",Daniel Kahneman,4.5,17130,409.00
63,64,"https://images-eu.ssl-images-amazon.com/images/I/81StezluKUS._AC_UL302_SR302,200_.jpg",The Complete Novels of Sherlock Holmes,Arthur Conan Doyle,4.5,14195,139.00
64,65,"https://images-eu.ssl-images-amazon.com/images/I/61Iz2yy2CKL._AC_UL302_SR302,200_.jpg",The Monk Who Sold His Ferrari,Robin Sharma,4.5,23587,171.70
65,66,"https://images-eu.ssl-images-amazon.com/images/I/81usodzGkiL._AC_UL302_SR302,200_.jpg",Objective NCERT at your Fingertips for NEET-AIIMS - Chemistry,MTG Editorial Board,4.5,894,459.00
66,67,"https://images-eu.ssl-images-amazon.com/images/I/812MAK0j5+L._AC_UL302_SR302,200_.jpg","International Mathematics Olympiad (IMO) Work Book for Class 5 - MCQs, Previous Years Solved Paper and Achievers Section - Olympiad Books For 2022-2023 Exam",MAHABIR SINGH,4.2,33,72.00
67,68,"https://images-eu.ssl-images-amazon.com/images/I/71t4dSQTibL._AC_UL302_SR302,200_.jpg",My First Complete Learning Library: Boxset of 20 Board Books Gift Set for Kids (Horizontal Design),Wonder House Books,4.6,11468,749.00
68,69,"https://images-eu.ssl-images-amazon.com/images/I/61ZNAnIrwwL._AC_UL302_SR302,200_.jpg",Eat That Frog!: 21 Great Ways to Stop Procrastinating and Get More Done in Less Time,Brian Tracy,4.6,6048,166.00
69,70,"https://images-eu.ssl-images-amazon.com/images/I/412x5bm0IpL._AC_UL302_SR302,200_.jpg",TUESDAYS WITH MORRIE (EXPORT) (A FORMAT),Mitch Albom,4.6,8476,203.00
70,71,"https://images-eu.ssl-images-amazon.com/images/I/71jhniLQEMS._AC_UL302_SR302,200_.jpg","Little Colouring Books for Kids (Set of 10 Books) - Gift to children for painting, drawing and colouring - Alphabets, Animals, Birds, Flags, Flowers, ... Transport, Vegetables - 3 to 6 years old",Maple Press,4.3,1297,195.00
71,72,"https://images-eu.ssl-images-amazon.com/images/I/71zytzrg6lL._AC_UL302_SR302,200_.jpg",The 5 AM Club,Robin Sharma,4.5,22016,211.00
72,73,"https://images-eu.ssl-images-amazon.com/images/I/A17fPOnXNmL._AC_UL302_SR302,200_.jpg",General Knowledge,Dr. Binay Karna,4.4,21588,158.00
73,74,"https://images-eu.ssl-images-amazon.com/images/I/817UNsZFh7L._AC_UL302_SR302,200_.jpg",My First Animal Sticker Book: Exciting Sticker Book With 100 Stickers,Wonder House Books,4.4,1069,159.00
74,75,"https://images-eu.ssl-images-amazon.com/images/I/81UhCMXi8fL._AC_UL302_SR302,200_.jpg","The Magic of the Lost Temple: Illustrated, easy to read and much-loved first full length children’s fiction novel by Sudha Murty for ages 8–12: ... fiction novel by Sudha Murty for ages 8–12",Sudha Murty,4.7,6700,170.00
75,76,"https://images-eu.ssl-images-amazon.com/images/I/51oHUvYzbsL._AC_UL302_SR302,200_.jpg",The Theory Of Everything,Stephen Hawking,4.6,11341,130.00
76,77,"https://images-eu.ssl-images-amazon.com/images/I/71ZKMWgafjL._AC_UL302_SR302,200_.jpg","India, Bharat and Pakistan : The Constitutional Journey of Sandwiched Civilisation",J Sai Deepak,,,575.00
77,78,"https://images-eu.ssl-images-amazon.com/images/I/71jte84ADvL._AC_UL302_SR302,200_.jpg",VERITY,Colleen Hoover,4.3,104903,240.00
78,79,"https://images-eu.ssl-images-amazon.com/images/I/71ygf-LciIS._AC_UL302_SR302,200_.jpg","Three Thousand Stitches: Ordinary People, Extraordinary Lives",Sudha Murty,4.6,7578,187.16
79,80,"https://images-eu.ssl-images-amazon.com/images/I/7138zaESFhL._AC_UL302_SR302,200_.jpg",The Girl Who Drank the Moon,Kelly Barnhill,4.5,18228,299.00
80,81,"https://images-eu.ssl-images-amazon.com/images/I/71rmxx8P2qL._AC_UL302_SR302,200_.jpg",108 Panchatantra Stories (Illustrated) for children,Maple Press,4.4,1981,80.00
81,82,"https://images-eu.ssl-images-amazon.com/images/I/71I0wCu256L._AC_UL302_SR302,200_.jpg",Be Your Own Sunshine,James Allen,4.3,1545,129.00
82,83,"https://images-eu.ssl-images-amazon.com/images/I/71YJXZhlJtL._AC_UL302_SR302,200_.jpg",MODI@20: Dreams Meet Delivery Hardcover – 1 May 2022,Sudha Murty; Arvind Panagariya; S. Jaishankar,4.6,268,350.00
83,84,"https://images-eu.ssl-images-amazon.com/images/I/61rHpL+WdJL._AC_UL302_SR302,200_.jpg",Oswaal CBSE Class 10 Social Science Chapterwise & Topicwise Question Bank Book (For 2022-23 Exam),Oswaal Editorial Board,4.4,75,440.00
84,85,"https://images-eu.ssl-images-amazon.com/images/I/81eMn5bMHxL._AC_UL302_SR302,200_.jpg",Indian Economy (English| 14th Edition) | UPSC | Civil Services Exam | State Administrative Exams,Ramesh Singh,4.5,260,546.00
85,86,"https://images-eu.ssl-images-amazon.com/images/I/71N0FI8U35L._AC_UL302_SR302,200_.jpg",Nursery Rhymes Board Book (My First Book Series): Illustrated Classic Nursery Rhymes,Wonder House Books,4.6,2260,149.00
86,87,"https://images-eu.ssl-images-amazon.com/images/I/81s6DUyQCZL._AC_UL302_SR302,200_.jpg",Think Like a Monk: The secret of how to harness the power of positivity and be happy now,Jay Shetty,4.6,24035,315.00
87,88,"https://images-eu.ssl-images-amazon.com/images/I/91n7e4ULsKL._AC_UL302_SR302,200_.jpg",Bhagvad Gita As It Is English New Edition,His Divine Grace A.C. Bhaktivedanta Swami Prabhupada,4.7,8143,220.00
88,89,"https://images-eu.ssl-images-amazon.com/images/I/81j8i9slKIL._AC_UL302_SR302,200_.jpg",World’s Greatest Classics (Box Set of 4 Books),"Jane Austen F. Scott Fitzgerald, Oscar Wilde, Emily Brontë",4.6,1304,399.00
89,90,"https://images-eu.ssl-images-amazon.com/images/I/617ni21vHsL._AC_UL302_SR302,200_.jpg",Wren And Martin -high School English Grammar,"Rao N,D,V,Prasada",4.5,9762,304.00
90,91,"https://images-eu.ssl-images-amazon.com/images/I/81evNO+JD-L._AC_UL302_SR302,200_.jpg",The Kid Who Came From Space,Ross Welford,4.5,1693,258.00
91,92,"https://images-eu.ssl-images-amazon.com/images/I/91DtbV+m2QS._AC_UL302_SR302,200_.jpg",Mandala Art: Colouring Books for Adults with Tear Out Sheets (Adult Colouring Book),Wonder House Books,4.6,4322,139.00
92,93,"https://images-eu.ssl-images-amazon.com/images/I/81pu1w9queL._AC_UL302_SR302,200_.jpg",Baby Touch: Playbook,Ladybird,4.6,3488,230.00
93,94,"https://images-eu.ssl-images-amazon.com/images/I/81H9vKWZnCL._AC_UL302_SR302,200_.jpg","International Mathematics Olympiad (IMO) Work Book for Class 4 - MCQs, Previous Years Solved Paper and Achievers Section - Olympiad Books For 2022-2023 Exam",MAHABIR SINGH,4.3,49,90.00
94,95,"https://images-eu.ssl-images-amazon.com/images/I/71ox+pwkgrS._AC_UL302_SR302,200_.jpg",Apke Avchetan Man Ki Shakti (The Power of your Subconscious Mind in Hindi),Joseph Murphy,4.4,10401,100.00
95,96,"https://images-eu.ssl-images-amazon.com/images/I/61n+461iagL._AC_UL302_SR302,200_.jpg",Problems In GENERAL PHYSICS,I E Irodov,4.5,4191,112.00
96,97,"https://images-eu.ssl-images-amazon.com/images/I/81ND4ZcIsxL._AC_UL302_SR302,200_.jpg",Penguin Random House The Power Of Positive Thinking,Norman Vincent Peale,4.3,6387,157.12
97,98,"https://images-eu.ssl-images-amazon.com/images/I/41wKll7ITyL._AC_UL302_SR302,200_.jpg",Who Will Cry When You Die?,Robin Sharma,4.5,16004,152.13
98,99,"https://images-eu.ssl-images-amazon.com/images/I/9173YBkMIsL._AC_UL302_SR302,200_.jpg",101 Panchatantra Stories for Children: Colourful Illustrated Stories,Om Books Editorial Team,4.5,6871,100.00
99,100,"https://images-eu.ssl-images-amazon.com/images/I/71Kb2dJCxWL._AC_UL302_SR302,200_.jpg","Memory: How To Develop, Train, And Use It",William Walker Atkinson,4.2,4112,109.00
100,101,"https://images-eu.ssl-images-amazon.com/images/I/81ljMdOX2yL._AC_UL302_SR302,200_.jpg","International Mathematics Olympiad (IMO) Work Book for Class 7 - MCQs, Previous Years Solved Paper and Achievers Section - Olympiad Books For 2022-2023 Exam",MAHABIR SINGH,4.5,465,85.00
101,102,"https://images-eu.ssl-images-amazon.com/images/I/91+36GLYWYL._AC_UL302_SR302,200_.jpg",Very First Sight Words Sentences Level 1,Dreamland Publications,4.5,10179,140.00
102,103,"https://images-eu.ssl-images-amazon.com/images/I/81MMToABe0L._AC_UL302_SR302,200_.jpg","International Mathematics Olympiad (IMO) Work Book for Class 2 - MCQs, Previous Years Solved Paper and Achievers Section - Olympiad Books For 2022-2023 Exam",MAHABIR SINGH,4.6,18,72.00
103,104,"https://images-eu.ssl-images-amazon.com/images/I/71UwU-b+aTS._AC_UL302_SR302,200_.jpg",Think & Grow Rich (Hindi),Napoleon Hill,4.3,4996,89.00
104,105,"https://images-eu.ssl-images-amazon.com/images/I/91oc6Hcx1ML._AC_UL302_SR302,200_.jpg",The Official Cambridge Guide To Ielts Student's Book With Answers With Dvd Rom,Pauline Cullen,4.4,5185,502.50
105,106,"https://images-eu.ssl-images-amazon.com/images/I/71O-FI7QApL._AC_UL302_SR302,200_.jpg","My First 1000 Words: Early Learning Picture Book to Learn Alphabet, Numbers, Shapes and Colours, Transport, Birds and Animals, Professions, Opposite ... Parts of the body and Objects Around Us.",Wonder House Books,4.5,6306,159.00
106,107,"https://images-eu.ssl-images-amazon.com/images/I/41KSs+-i1JL._AC_UL302_SR302,200_.jpg",Master Your Emotions: A Practical Guide To Overcome Negativity And Better Manage Your Feelings,Thibaut Meurisse,4.5,5586,245.00
107,108,"https://images-eu.ssl-images-amazon.com/images/I/810x4jGB9DL._AC_UL302_SR302,200_.jpg","International Mathematics Olympiad (IMO) Work Book for Class 3 - MCQs, Previous Years Solved Paper and Achievers Section - Olympiad Books For 2022-2023 Exam",MAHABIR SINGH,4.4,15,85.00
108,109,"https://images-eu.ssl-images-amazon.com/images/I/912vU-UabHL._AC_UL302_SR302,200_.jpg",Certificate Physical And Human Geography; Indian Edition,Goh Cheng Leong,4.5,12598,304.92
109,110,"https://images-eu.ssl-images-amazon.com/images/I/81sskO+r4RL._AC_UL302_SR302,200_.jpg",T.S. Grewal's Double Entry Book Keeping - Accounting for Companies (Vol.II): Textbook for CBSE Class 12 (as per 2022-23 syllabus),T.S. Grewal,4.3,35,243.00
110,111,"https://images-eu.ssl-images-amazon.com/images/I/618j74LdZkL._AC_UL302_SR302,200_.jpg","DPISZONE Sank Magic Practice Copybook, (4 BOOK + 10 REFILL) Number Tracing Book for Preschoolers with Pen, Magic Calligraphy Copybook Set Practical Reusable Writing Tool Simple Hand Lettering",RAVIRANDAL,4.5,270,298.00
111,112,"https://images-eu.ssl-images-amazon.com/images/I/81Zbv-FEmwL._AC_UL302_SR302,200_.jpg",How to Prepare for VERBAL ABILITY & READING COMPREHENSION for CAT | 10th Edition | With CAT Practice Tests on Pull Marks | VARC,Arun Sharma,4.5,46,680.00
112,113,"https://images-eu.ssl-images-amazon.com/images/I/51fVNiEH-RL._AC_UL302_SR302,200_.jpg","Ponniyin Selvan(Set of all parts 1,2,3,4 & 5)",Kalki,4.5,615,495.00
113,114,"https://images-eu.ssl-images-amazon.com/images/I/51bqj+mKIWL._AC_UL302_SR302,200_.jpg",Concept of Physics by H.C Verma Part - II - Session 2022-23,H.C. Verma,4.6,8850,438.00
114,115,"https://images-eu.ssl-images-amazon.com/images/I/81gjmSfFb4L._AC_UL302_SR302,200_.jpg",Oswaal CBSE Class 10 Mathematics Standard Chapterwise & Topicwise Question Bank Book (For 2022-23 Exam),Oswaal Editorial Board,4.6,73,452.00
115,116,"https://images-eu.ssl-images-amazon.com/images/I/810FJTDkXSL._AC_UL302_SR302,200_.jpg","My First Super Boxset of Pencil Control and Patterns : Pack of 4 interactive activity books to practice Patterns, Numbers and Alphabet: A set of 4 ... to practice Patterns, Numbers and Alphabet",Wonder House Books,4.5,2393,250.00
116,117,"https://images-eu.ssl-images-amazon.com/images/I/71Tl1z3DHNL._AC_UL302_SR302,200_.jpg","Oswal - Gurukul Last Years 10 Solved Papers for CBSE Class 10 Exam 2023 - Yearwise Board Solutions of Math Standard, English, Science & Social Science (All Sets Delhi & Outside), Latest Syllabus",Oswal - Gurukul,4.4,34,626.00
117,118,"https://images-eu.ssl-images-amazon.com/images/I/51emmAYEgqL._AC_UL302_SR302,200_.jpg",UGC NET /SET/JRF Paper 1 Teaching and Research Aptitude - 2019- 2021 fully solved papers including Oct- Dec 2021 | Includes National Education Policy 2020| Sixth Edition| By Pearson,KVS Madaan,4.4,407,353.00
118,119,"https://images-eu.ssl-images-amazon.com/images/I/71jW2qrp+SL._AC_UL302_SR302,200_.jpg",Start With Why: The Inspiring Million-Copy Bestseller That Will Help You Find Your Purpose,Simon Sinek,4.5,12596,359.00
119,120,"https://images-eu.ssl-images-amazon.com/images/I/A1BOr30eM1L._AC_UL302_SR302,200_.jpg",Mathematics for Class 8 - CBSE - by R.D. Sharma Examination 2022-2023,R.D. Sharma,4.6,3428,349.00
120,121,"https://images-eu.ssl-images-amazon.com/images/I/81tEgsxpNZS._AC_UL302_SR302,200_.jpg",As a Man Thinketh,James Allen,4.4,8896,69.00
121,122,"https://images-eu.ssl-images-amazon.com/images/I/81Wcl+THtcL._AC_UL302_SR302,200_.jpg",Autobiography of a Yogi,Paramahansa Yogananda,4.6,7838,99.00
122,123,"https://images-eu.ssl-images-amazon.com/images/I/81jeiB3E7oL._AC_UL302_SR302,200_.jpg",Pathfinder NDA/NA National Defence Academy & Naval Academy Entrance Examination,Arihant Experts,4.5,467,460.00
123,124,"https://images-eu.ssl-images-amazon.com/images/I/81NyYpjD-KL._AC_UL302_SR302,200_.jpg",Oswaal CBSE Class 10 Science Chapterwise & Topicwise Question Bank Book (For 2022-23 Exam),Oswaal Editorial Board,4.5,103,450.00
124,125,"https://images-eu.ssl-images-amazon.com/images/I/71s8qpa4F6L._AC_UL302_SR302,200_.jpg",Great Stories for Children,Ruskin Bond,4.5,10238,136.00
125,126,"https://images-eu.ssl-images-amazon.com/images/I/71KKZlVjbwL._AC_UL302_SR302,200_.jpg",WINGS OF FIRE: AUTOBIOGRAPHY OF ABDUL KALAM,Arun Tiwari,4.6,12949,335.00
126,127,"https://images-eu.ssl-images-amazon.com/images/I/713fASvcE5L._AC_UL302_SR302,200_.jpg","Harrison's Principles of Internal Medicine, Twenty-First Edition (Vol.1 & Vol.2)",,4.3,46,"1,015.00"
127,128,"https://images-eu.ssl-images-amazon.com/images/I/81vclYdkPTL._AC_UL302_SR302,200_.jpg",My First Shapes and Colours Sticker Book: Exciting Sticker Book With 100 Stickers,Wonder House Books,4.5,1053,151.00
128,129,"https://images-eu.ssl-images-amazon.com/images/I/81jQHeVIf8L._AC_UL302_SR302,200_.jpg","National Science Olympiad (NSO) Work Book for Class 5 - Quick Recap, MCQs, Previous Years Solved Paper and Achievers Section - Olympiad Books For 2022-2023 Exam",ANIL AHLAWAT,4.1,23,85.00
129,130,"https://images-eu.ssl-images-amazon.com/images/I/612RWorGXVL._AC_UL302_SR302,200_.jpg","MTG Objective NCERT at your FINGERTIPS for NEET-AIIMS - Physics, Chemistry, Biology, Best NEET Books (Based on NCERT Pattern - Latest & Revised Edition 2022) Set of 3 Books",,4.6,61,"1,529.00"
130,131,"https://images-eu.ssl-images-amazon.com/images/I/71HuyKCcs4L._AC_UL302_SR302,200_.jpg",The Seven Husbands of Evelyn Hugo: A Novel,Taylor Jenkins Reid,4.5,101541,305.00
131,132,"https://images-eu.ssl-images-amazon.com/images/I/61OmT2h3qGL._AC_UL302_SR302,200_.jpg",CBSE All In One Social Science Class 9 2022-23 Edition (As per latest CBSE Syllabus issued on 21 April 2022),Farah Sultan Madhumita Pattrea,4.4,38,310.00
132,133,"https://images-eu.ssl-images-amazon.com/images/I/51Sml2vtu7L._AC_UL302_SR302,200_.jpg",MINDSET (REVISED AND UPDATED),Carol Dweck,4.5,1778,241.00
133,134,"https://images-eu.ssl-images-amazon.com/images/I/81jEXbKr0lL._AC_UL302_SR302,200_.jpg",Quantitative Aptitude for Competitive Examinations: (Fully Revised Video Edition) 2022,R. S Aggarwal,4.3,107,433.00
134,135,"https://images-eu.ssl-images-amazon.com/images/I/61N0kP1YxeL._AC_UL302_SR302,200_.jpg",CBSE All In One English Language & Literature Class 10 2022-23 Edition,Vaishali Jaiswal Dolly Jain,4.1,59,304.00
135,136,"https://images-eu.ssl-images-amazon.com/images/I/61AtWVLF2CL._AC_UL302_SR302,200_.jpg",Think And Grow Rich,Napoleon Hill,4.5,75044,104.00
136,137,"https://images-eu.ssl-images-amazon.com/images/I/81w3D-8ms3L._AC_UL302_SR302,200_.jpg","MTG Objective NCERT at your FINGERTIPS - Physics, Best Books for NEET & JEE Preparation (Based on NCERT Pattern - Latest & Revised Edition 2022)",MTG Editorial Board,4.5,3511,450.00
137,138,"https://images-eu.ssl-images-amazon.com/images/I/81YXDEvAKcL._AC_UL302_SR302,200_.jpg","Oswaal One for All Olympiad Previous Years' Solved Papers, Class-1 Mathematics Book (For 2022-23 Exam)",Oswaal Ediorial Board,4.6,400,252.00
138,139,"https://images-eu.ssl-images-amazon.com/images/I/818lHwqdF0L._AC_UL302_SR302,200_.jpg",Indian Art and Culture ( English| 4th Edition) | UPSC | Civil Services Exam | State Administrative Exams,Nitin Singhania,4.6,724,640.00
139,140,"https://images-eu.ssl-images-amazon.com/images/I/718RWsJMXlL._AC_UL302_SR302,200_.jpg","NCERT Summary (Class VI – XII) One linear for UPSC/IAS Preparation, State Civil Services, Competitive Examinations",Manish Rannjan,4.2,952,151.00
140,141,"https://images-eu.ssl-images-amazon.com/images/I/81XqXdOE5mS._AC_UL302_SR302,200_.jpg",Mahatma Gandhi Autobiography: The Story Of My Experiments With Truth,Mahatma Gandhi,4.5,7296,99.00
141,142,"https://images-eu.ssl-images-amazon.com/images/I/711xMzVPIuL._AC_UL302_SR302,200_.jpg",Think & Grow Rich: THE 21st CENTURY EDITION,Napoleon Hill,4.6,2674,89.00
142,143,"https://images-eu.ssl-images-amazon.com/images/I/81m1s4wIPML._AC_UL302_SR302,200_.jpg",Harry Potter and the Philosopher's Stone,J.K. Rowling,4.7,50710,305.00
143,144,"https://images-eu.ssl-images-amazon.com/images/I/71zzGmq1RQL._AC_UL302_SR302,200_.jpg","Sank Magic Practice for kids Copybook, Magic practice book for kids(4 BOOK + 10 REFILL+ 1 pen +1 grip) Number Tracing Book for Preschoolers with Pen, Magic Calligraphy Copybook Set Practical Reusable Writing Tool Simple Hand Lettering",QSHIXLE,4.4,406,298.00
144,145,"https://images-eu.ssl-images-amazon.com/images/I/519yEF+KvcL._AC_UL302_SR302,200_.jpg",General Knowledge 2023,Manohar Pandey,4.4,280,110.00
145,146,"https://images-eu.ssl-images-amazon.com/images/I/818mZjcEJ4L._AC_UL302_SR302,200_.jpg",Grandparents' Bag of Stories,Sudha Murty,4.7,3530,175.00
146,147,"https://images-eu.ssl-images-amazon.com/images/I/81lmGXLmjuL._AC_UL302_SR302,200_.jpg",BRAIN GAMES FOR CLEVER KIDS,Gareth Moore,4.3,8823,170.00
147,148,"https://images-eu.ssl-images-amazon.com/images/I/81scWB4EuOL._AC_UL302_SR302,200_.jpg","International Mathematics Olympiad (IMO) Work Book for Class 6 - MCQs, Previous Years Solved Paper and Achievers Section - Olympiad Books For 2022-2023 Exam",MAHABIR SINGH,4.7,21,72.00
148,149,"https://images-eu.ssl-images-amazon.com/images/I/51Z+TFQzTnL._AC_UL302_SR302,200_.jpg",Ready To Fire: How India and I Survived the ISRO Spy Case,Nambi Narayanan,4.6,429,510.00
149,150,"https://images-eu.ssl-images-amazon.com/images/I/91ywgdc0ZqL._AC_UL302_SR302,200_.jpg",1800+ Reward Stickers - Ideal For Teachers And Parents : Sticker Book With Over 1800 Stickers To Boost The Moral Of Kids,Wonder House Books,4.6,523,149.00
150,151,"https://images-eu.ssl-images-amazon.com/images/I/81DwmIj0n3L._AC_UL302_SR302,200_.jpg",THE 48 LAWS OF POWER,Robert Greene,4.6,11115,468.00
151,152,"https://images-eu.ssl-images-amazon.com/images/I/61LKSnYQjFL._AC_UL302_SR302,200_.jpg","All-Time Favourites for Children: Classic Collection of 25+ most-loved, great stories by famous award-winning author (Illustrated, must-read fiction short stories for kids)",Ruskin Bond,4.6,920,175.00
152,153,"https://images-eu.ssl-images-amazon.com/images/I/811Cm7AthuL._AC_UL302_SR302,200_.jpg",GIKSO 100 Maths Puzzles Book - Brain Boosting Mathematical Activities for Age 7+ Years Old Kids | Game Book (English) - Reprinted 2022,GIKSO,4.4,2521,215.00
153,154,"https://images-eu.ssl-images-amazon.com/images/I/71twV2ZZI8L._AC_UL302_SR302,200_.jpg","THE LOVE HYPOTHESIS, Ali Hazelwood: Tiktok made me buy it! The romcom of the year!",Ali Hazelwood,4.5,33940,250.00
154,155,"https://images-eu.ssl-images-amazon.com/images/I/81b1PP4RK1L._AC_UL302_SR302,200_.jpg",That Night: Four Friends. Twenty Years. One Haunting Secret.,Nidhi Upadhyay,4.3,1140,187.16
155,156,"https://images-eu.ssl-images-amazon.com/images/I/61kRkfsIMUL._AC_UL302_SR302,200_.jpg",DO EPIC SHIT,Ankur Warikoo,4.5,5686,115.00
156,157,"https://images-eu.ssl-images-amazon.com/images/I/51-noH62XpL._AC_UL302_SR302,200_.jpg","Good Vibes, Good Life: How Self-love Is the Key to Unlocking Your Greatness",Vex King,4.6,26335,214.00
157,158,"https://images-eu.ssl-images-amazon.com/images/I/71ZHVWqirzL._AC_UL302_SR302,200_.jpg","India & World Map ( Both Political & Physical ) with Constitution of India Chart, History of India Chart & Geography Terms Chart | Set Of 7 | Useful for UPSC and other exams | By VCP",Vidya Chitr Prakashan,4.5,1043,130.00
158,159,"https://images-eu.ssl-images-amazon.com/images/I/81BdZ3PbmjL._AC_UL302_SR302,200_.jpg",My Big Book of Creative Crayons,Wonder House Books,4.5,1241,169.00
159,160,"https://images-eu.ssl-images-amazon.com/images/I/71w0QFze0XL._AC_UL302_SR302,200_.jpg","44 Years JEE Advanced (1978 - 2021) + JEE Main Chapterwise & Topicwise Solved Papers Physics, Chemistry & Mathematics 17th Edition",Disha Experts,4.3,552,"1,347.00"
160,161,"https://images-eu.ssl-images-amazon.com/images/I/819HSIKiWdS._AC_UL302_SR302,200_.jpg",Pride & Prejudice,Jane Austen,4.5,27790,100.00
161,162,"https://images-eu.ssl-images-amazon.com/images/I/91m48dt3o0L._AC_UL302_SR302,200_.jpg",Brain Boosting Activity Book for Kids – 200+ Activities for Age 3+,Maple Press,4.4,299,81.00
162,163,"https://images-eu.ssl-images-amazon.com/images/I/91xPAUEuzWS._AC_UL302_SR302,200_.jpg","India that is Bharat: Coloniality, Civilisation, Constitution",J Sai Deepak,4.8,4245,480.00
163,164,"https://images-eu.ssl-images-amazon.com/images/I/51mn3WgAd6L._AC_UL302_SR302,200_.jpg",Phool Patti Wali Class Half Yearly Current Affairs Book (January 2022 To June 2022),,5.0,1,58.50
164,165,"https://images-eu.ssl-images-amazon.com/images/I/61MLInWDeJL._AC_UL302_SR302,200_.jpg",How to Talk to Anyone: 92 Little Tricks for Big Success in Relationships,Leil Lowndes,4.4,7261,215.00
165,166,"https://images-eu.ssl-images-amazon.com/images/I/91f6CGHo7xL._AC_UL302_SR302,200_.jpg",Computer Science with Python Textbook for Class 11 - Examination 2022-2023,Sumita Arora,4.5,1739,524.00
166,167,"https://images-eu.ssl-images-amazon.com/images/I/51nVWx23RvL._AC_UL302_SR302,200_.jpg",Inner Engineering: A Yogi’s Guide to Joy - English,Sadhguru,4.6,16224,214.00
167,168,"https://images-eu.ssl-images-amazon.com/images/I/41NjZo008XL._AC_UL302_SR302,200_.jpg",Can't hurt me by David goggins,David Goggins,4.5,54539,189.00
168,169,"https://images-eu.ssl-images-amazon.com/images/I/916fuxlx90L._AC_UL302_SR302,200_.jpg",A MAN CALLED OVE (B FORMAT),Fredrik Backman,4.6,43545,251.00
169,170,"https://images-eu.ssl-images-amazon.com/images/I/81GHhVy+P8L._AC_UL302_SR302,200_.jpg",27 Years UPSC IAS/ IPS Prelims Topic-wise Solved Papers 1 & 2 (1995 - 2021) 12th Edition,Mrunal Patel,4.5,3234,340.00
170,171,"https://images-eu.ssl-images-amazon.com/images/I/71VPHyRTNiL._AC_UL302_SR302,200_.jpg",Utkarsh Current Affairs Adhvarshiki - January 2022 se June 2022 tak (Sabhi Pratiyogi Parikshao ke liye Ramban) {With FREE Arihant Bharat ka Samvidhan Wall Chart},Kumar Gaurav,1.0,2,60.50
171,172,"https://images-eu.ssl-images-amazon.com/images/I/71+3qmU3VNL._AC_UL302_SR302,200_.jpg",A Modern Approach To Verbal & Non-Verbal Reasoning (2 Colour Edition),R.S. Aggarwal,4.4,12245,632.00
172,173,"https://images-eu.ssl-images-amazon.com/images/I/61b5aPmEhzL._AC_UL302_SR302,200_.jpg",Think and Grow Rich,Napoleon Hill,4.5,75044,99.00
173,174,"https://images-eu.ssl-images-amazon.com/images/I/81nZaGgPAGL._AC_UL302_SR302,200_.jpg",The Hidden Hindu,Akshat Gupta,4.4,436,175.00
174,175,"https://images-eu.ssl-images-amazon.com/images/I/61DCtdc8ofL._AC_UL302_SR302,200_.jpg",11 Years Solved Papers IIT JEE Advanced & IIT JEE 2022,Arihant Experts,4.5,29,340.00
175,176,"https://images-eu.ssl-images-amazon.com/images/I/71uRj5oL0IL._AC_UL302_SR302,200_.jpg",NEET Objective Physics Volume 1,DC Pandey,4.3,31,502.00
176,177,"https://images-eu.ssl-images-amazon.com/images/I/71jWK5-fBML._AC_UL302_SR302,200_.jpg",Bhagavad Gita Original in English - Bhagavad Gita as It is Original in English,A. C. Bhaktivedanta Swami Prabhupad,4.8,3609,220.00
177,178,"https://images-eu.ssl-images-amazon.com/images/I/91KCV2Bq+xL._AC_UL302_SR302,200_.jpg",Word Power Made Easy By Norman Lewis (More than 700 Pages),Norman Lewis,4.4,595,100.00
178,179,"https://images-eu.ssl-images-amazon.com/images/I/91JO2pVO7RL._AC_UL302_SR302,200_.jpg","Death; An Inside Story: A book for all those who shall die by Sadguru: Spiritual Book that talks about life’s amazing secret, Motivational Book for transformation, Non-fiction, Penguin",Sadhguru,4.7,9770,195.00
179,180,"https://images-eu.ssl-images-amazon.com/images/I/717Kt7vqvhL._AC_UL302_SR302,200_.jpg",T.S. Grewal's Double Entry Book Keeping: Financial Accounting Textbook for CBSE Class 11 (as per 2022-23 syllabus),T.S. Grewal,4.3,69,510.00
180,181,"https://images-eu.ssl-images-amazon.com/images/I/61ruD5Uk7cS._AC_UL302_SR302,200_.jpg",Price Action Trading : Technical Analysis Simplified!,Sunil Gurjar (Chartmojo),4.3,864,340.00
181,182,"https://images-eu.ssl-images-amazon.com/images/I/51I9-NCP6QL._AC_UL302_SR302,200_.jpg",Oxford School Atlas: India's Most Trusted Atlas 36th edition,Oxford,4.5,2850,312.00
182,183,"https://images-eu.ssl-images-amazon.com/images/I/91PQFpYWLwL._AC_UL302_SR302,200_.jpg",Something I Never Told You,Shravya Bhinder,4.3,1957,182.00
183,184,"https://images-eu.ssl-images-amazon.com/images/I/81+x6eHkSdS._AC_UL302_SR302,200_.jpg",Wuthering Heights,Emily Brontë,4.5,18970,109.00
184,185,"https://images-eu.ssl-images-amazon.com/images/I/91z0JhL6RwL._AC_UL302_SR302,200_.jpg",Target High 6th Premium Edition,MUTHUVENKATACHALAM S.,4.5,1567,"1,134.00"
185,186,"https://images-eu.ssl-images-amazon.com/images/I/81v8p68bDtL._AC_UL302_SR302,200_.jpg",TT-POWER Magic Book for Kids (4 Books 1 Pen 1 Hand Grip 10 Refill) Calligraphy Practice Copy Self Deleting Text book Practice Hand Writing and Pen Using Skills Reusable Writing Text Book For Kids age 3+,TT-POWER,4.3,27,299.00
186,187,"https://images-eu.ssl-images-amazon.com/images/I/61EEFRmO3gL._AC_UL302_SR302,200_.jpg",Ankit Bhati UPSSSC PET 2022 New Edition,ANKIT BHATI,,,275.00
187,188,"https://images-eu.ssl-images-amazon.com/images/I/810HHkgmfnL._AC_UL302_SR302,200_.jpg","National Science Olympiad (NSO) Work Book for Class 7 - Quick Recap, MCQs, Previous Years Solved Paper and Achievers Section - Olympiad Books For 2022-2023 Exam",ANIL AHLAWAT,4.3,14,85.00
188,189,"https://images-eu.ssl-images-amazon.com/images/I/710GgrTea1L._AC_UL302_SR302,200_.jpg","Moral Story Books for Kids (Set of 10 Books) (Illustrated) - English Short Stories with Colourful Pictures - Bedtime Children Story Book - 3 Years to 6 Years Old Children - Read Aloud to Infants, Toddlers",Maple Press,4.5,487,228.00
189,190,"https://images-eu.ssl-images-amazon.com/images/I/51-ZGB6N4LL._AC_UL302_SR302,200_.jpg",Rituals of Happy Soul,Deepanshu Giri,4.9,38,216.00
190,191,"https://images-eu.ssl-images-amazon.com/images/I/91A0IBL2wvL._AC_UL302_SR302,200_.jpg","Oswaal CBSE Class 10 English, Science, Social Science & Math Standard Question Bank (Set of 4 Books) (For 2022-23 Exam)",Oswaal Editorial Board,4.5,876,"2,105.00"
191,192,"https://images-eu.ssl-images-amazon.com/images/I/71XWX3Kz0QL._AC_UL302_SR302,200_.jpg","Jumbo Colouring Book - Activity Colouring Book for 3 to 5 years old kids - Gift to children for painting, drawing and colouring with reference guide",Maple Press,4.4,906,81.00
192,193,"https://images-eu.ssl-images-amazon.com/images/I/814g-2DDOFL._AC_UL302_SR302,200_.jpg","International English Olympiad (IEO) Work Book for Class 5 - MCQs, Previous Years Solved Paper and Achievers Section - Olympiad Books For 2022-2023 Exam",ZARRIN ALI KHAN,4.1,22,85.00
193,194,"https://images-eu.ssl-images-amazon.com/images/I/91cT3yhaz+L._AC_UL302_SR302,200_.jpg",Introductory Microeconomics for Class 11 (Examination 2022-2023),Sandeep Garg,4.5,238,340.00
194,195,"https://images-eu.ssl-images-amazon.com/images/I/7122h3jWvEL._AC_UL302_SR302,200_.jpg","Blossom Moral Story Book for Kids 3 Years to 6 Years Old in English | 31 Fairy Tale Stories with Colourful Pictures | Best Bedtime Children Story Book | Short Stories for Infants, Toddlers | Book A [Paperback] Content Team at Target Publications",TARGET PUBLICATIONS,4.4,1902,68.00
195,196,"https://images-eu.ssl-images-amazon.com/images/I/61Ki8JFNj9L._AC_UL302_SR302,200_.jpg",Objective General English,SP Bakshi,4.3,1151,150.00
196,197,"https://images-eu.ssl-images-amazon.com/images/I/715dHWJflpL._AC_UL302_SR302,200_.jpg",She Stood By Me,Tarun Vikash,4.5,477,128.00
197,198,"https://images-eu.ssl-images-amazon.com/images/I/71+n2VSAiXS._AC_UL302_SR302,200_.jpg",The Time Machine,H. G. Wells,4.4,2817,99.00
198,199,"https://images-eu.ssl-images-amazon.com/images/I/81N1POIpxwL._AC_UL302_SR302,200_.jpg",The Illustrated Stories Of Akbar and Birbal: Classic Tales From India,Wonder House Books,4.6,2178,136.00
199,200,"https://images-eu.ssl-images-amazon.com/images/I/71JtTimU2dL._AC_UL302_SR302,200_.jpg","National Science Olympiad (NSO) Work Book for Class 4 - Quick Recap, MCQs, Previous Years Solved Paper and Achievers Section - Olympiad Books For 2022-2023 Exam",ANIL AHLAWAT,4.7,21,85.00
200,201,"https://images-eu.ssl-images-amazon.com/images/I/71fU-w9xCLL._AC_UL302_SR302,200_.jpg",The Magicians of Mazda Paperback – 21 May 2022,Ashwin Sanghi,4.5,849,245.00
201,202,"https://images-eu.ssl-images-amazon.com/images/I/71LaJylkUvL._AC_UL302_SR302,200_.jpg",Wise and Otherwise: A salute to Life,Sudha Murty,4.6,4789,175.00
202,203,"https://images-eu.ssl-images-amazon.com/images/I/71GPF3vuGwL._AC_UL302_SR302,200_.jpg","5 Lb. Book Of Gre Practice Problems: 1, 800+ Practice Problems In Book And Online (Manhattan Prep 5 Lb Series (2019 Edition))",Manhattan Prep,4.5,4390,590.00
203,204,"https://images-eu.ssl-images-amazon.com/images/I/81JkY8MrorL._AC_UL302_SR302,200_.jpg",Fruits Copy Colour Book for Kids Age 1 -6 Years - Drawing and Painting Book for Early Learners (Copy Colour Books),Dreamland Publications,4.3,3130,52.00
204,205,"https://images-eu.ssl-images-amazon.com/images/I/613KCs7szvL._AC_UL302_SR302,200_.jpg",Ugly Love: A Novel,Colleen Hoover,4.4,59500,280.00
205,206,"https://images-eu.ssl-images-amazon.com/images/I/71j25Ib5FSL._AC_UL302_SR302,200_.jpg",The Summer I Turned Pretty,Jenny Han,4.5,11823,338.00
206,207,"https://images-eu.ssl-images-amazon.com/images/I/91GT-Z3cJcL._AC_UL302_SR302,200_.jpg","The Magic Drum and Other Favourite Stories: Sudha Murty’s collection of 30+ classic short stories and folk tales for children, ages 9-12",Sudha Murty,4.7,2859,170.00
207,208,"https://images-eu.ssl-images-amazon.com/images/I/91NWXSxsbHL._AC_UL302_SR302,200_.jpg",Moral Stories for Children -Set of 10 Illustrated Books (Packed in a Gift Box),Om Books Editorial Team,4.3,313,319.00
208,209,"https://images-eu.ssl-images-amazon.com/images/I/81J6APjwxlL._AC_UL302_SR302,200_.jpg",The Midnight Library,Matt Haig,4.4,171279,227.00
209,210,"https://images-eu.ssl-images-amazon.com/images/I/817obmPcT-L._AC_UL302_SR302,200_.jpg",India's Struggle for Independence: 1857-1947,Bipan Chandra,4.5,7252,259.00
210,211,"https://images-eu.ssl-images-amazon.com/images/I/71V5TSa9W1S._AC_UL302_SR302,200_.jpg",Babylon Ka Sabse Ameer Aadami (The Richest Man in Babylon in Hindi): Hindi Translation of International Bestseller,George S. Clason,4.5,3382,108.00
211,212,"https://images-eu.ssl-images-amazon.com/images/I/71TW9h68XpL._AC_UL302_SR302,200_.jpg",28 Varsh UPSC Civil Services IAS Prarambhik Topic-wise Solved Papers 1 & 2 (1995 - 2022) 12th Edition,Mrunal Patel,3.8,14,350.00
212,213,"https://images-eu.ssl-images-amazon.com/images/I/71lEjM64ATS._AC_UL302_SR302,200_.jpg",The Compound Effect,Darren Hardy,4.6,11426,197.00
213,214,"https://images-eu.ssl-images-amazon.com/images/I/91M3Uob-o5L._AC_UL302_SR302,200_.jpg",365 Colouring Book for Kids - Painting and Drawing Book with 368 Big Pictures,Dreamland Publications,4.5,4964,245.00
214,215,"https://images-eu.ssl-images-amazon.com/images/I/714Qz-liM8S._AC_UL302_SR302,200_.jpg",The Bird with Golden Wings: Stories of Wit and Magic,Sudha Murty,4.7,2591,139.00
215,216,"https://images-eu.ssl-images-amazon.com/images/I/71FuCnc9OwL._AC_UL302_SR302,200_.jpg",vashista 360 spoken english book,vamshi krishna,4.2,6129,259.00
216,217,"https://images-eu.ssl-images-amazon.com/images/I/91cXJfLzMML._AC_UL302_SR302,200_.jpg",Ladybird Big Noisy Book: Farm Hullaballoo!,Ladybird,4.6,1824,411.00
217,218,"https://images-eu.ssl-images-amazon.com/images/I/81wrdVeibxL._AC_UL302_SR302,200_.jpg",All set to Read-A Phonic Reader-Level 1- PHONICS READERS- 6 books in a Box: Box set,Om Books Editorial Team,4.5,2064,498.00
218,219,"https://images-eu.ssl-images-amazon.com/images/I/71dreQY9PuL._AC_UL302_SR302,200_.jpg",Manorama English Yearbook 2022,Mammen Mathew,4.6,1046,230.00
219,220,"https://images-eu.ssl-images-amazon.com/images/I/617ZptzMlAL._AC_UL302_SR302,200_.jpg",Vision IAS Current Affairs June 2022 English Medium (Hard cover Binding),Vision IAS,1.0,1,40.00
220,221,"https://images-eu.ssl-images-amazon.com/images/I/7199+yIUJ-L._AC_UL302_SR302,200_.jpg",Twisted Love - Special Edition,Ana Huang,4.5,1768,227.05
221,222,"https://images-eu.ssl-images-amazon.com/images/I/71obYq7QPYL._AC_UL302_SR302,200_.jpg",Mathematics for Class 7 - CBSE - by R.D. Sharma Examination 2022-2023,R.D. Sharma,4.6,2400,375.00
222,223,"https://images-eu.ssl-images-amazon.com/images/I/61a2DAGKiiL._AC_UL302_SR302,200_.jpg",You Can Heal Your Life,Louise L. Hay,4.6,4508,324.00
223,224,"https://images-eu.ssl-images-amazon.com/images/I/81QQEFj7jBL._AC_UL302_SR302,200_.jpg","International English Olympiad (IEO) Work Book for Class 4 - MCQs, Previous Years Solved Paper and Achievers Section - Olympiad Books For 2022-2023 Exam",ZARRIN ALI KHAN,4.5,17,85.00
224,225,"https://images-eu.ssl-images-amazon.com/images/I/81QBOgBjeaL._AC_UL302_SR302,200_.jpg","International Mathematics Olympiad (IMO) Work Book for Class 8 - MCQs, Previous Years Solved Paper and Achievers Section - Olympiad Books For 2022-2023 Exam",MAHABIR SINGH,4.6,20,85.00
225,226,"https://images-eu.ssl-images-amazon.com/images/I/719OAEfLM8S._AC_UL302_SR302,200_.jpg",Dhan-Sampatti Ka Manovigyan (The Psychology of Money),Morgan Housel,4.3,1362,135.00
226,227,"https://images-eu.ssl-images-amazon.com/images/I/71WUqJmAgaL._AC_UL302_SR302,200_.jpg",System Design Interview – An Insider's Guide,Alex Xu,4.1,227,289.00
227,228,"https://images-eu.ssl-images-amazon.com/images/I/71QmQucSriL._AC_UL302_SR302,200_.jpg",Where Is Baby's Belly Button? (Karen Katz Lift-the-Flap Books),Karen Katz,4.5,11775,194.35
228,229,"https://images-eu.ssl-images-amazon.com/images/I/81THkSRM1BL._AC_UL302_SR302,200_.jpg","Cursive Writing Books (Set of 5 Books) (Handwriting Practice Books) - Small Letters, Capital Letters, Joining Letters, Sentences, Words for Age 3-7: ... Letters, Joing Letters, Sentences, Words",Maple Press,4.5,735,280.00
229,230,"https://images-eu.ssl-images-amazon.com/images/I/81PdkxXJObL._AC_UL302_SR302,200_.jpg","The Boy, The Mole, The Fox and The Horse",Charlie Mackesy,4.8,61136,598.00
230,231,"https://images-eu.ssl-images-amazon.com/images/I/81N+Kwq0dsL._AC_UL302_SR302,200_.jpg",PMF IAS Environment for UPSC 2022-23,PMF IAS,4.7,1668,490.00
231,232,"https://images-eu.ssl-images-amazon.com/images/I/61LyzXP2VaL._AC_UL302_SR302,200_.jpg",,,3.6,28,163.90
232,233,"https://images-eu.ssl-images-amazon.com/images/I/81Im3iDKwLL._AC_UL302_SR302,200_.jpg",Reusable Wipe And Clean Book - Capital Letters : Write And Practice Capital Letters (Reusable Wipe and Clean Books),Wonder House Books,4.3,720,139.00
233,234,"https://images-eu.ssl-images-amazon.com/images/I/81qgEPE6k1L._AC_UL302_SR302,200_.jpg",The 7 Habits of Highly Effective People,Stephen R. Covey,4.5,9916,349.00
234,235,"https://images-eu.ssl-images-amazon.com/images/I/61oRH4y27jL._AC_UL302_SR302,200_.jpg",Cracking the Coding Interview (Indian Edition),Gayle Laakmann McDowell,4.6,2647,599.00
235,236,"https://images-eu.ssl-images-amazon.com/images/I/811KkWK08ZS._AC_UL302_SR302,200_.jpg",How to Prepare For DATA INTERPRETATION For CAT ( With CAT Practice Tests on Pull Marks ) | 7th Edition,Arun Sharma,4.5,863,418.00
236,237,"https://images-eu.ssl-images-amazon.com/images/I/71IbKBw8tdL._AC_UL302_SR302,200_.jpg",101 Copy Coloring: Fun Activity Book For Children,Wonder House Books,4.5,1232,155.00
237,238,"https://images-eu.ssl-images-amazon.com/images/I/81MCXVaDaDL._AC_UL302_SR302,200_.jpg",Indian Economy (English| 3rd Edition) | UPSC | Civil Services Exam | State Administrative Exams,Nitin Singhania,4.6,169,560.00
238,239,"https://images-eu.ssl-images-amazon.com/images/I/81GXgV+ZdNS._AC_UL302_SR302,200_.jpg",How to Prepare For LOGICAL REASONING For CAT ( With CAT Practice Tests on Pull Marks ) | 6th Edition,Arun Sharma,4.5,834,520.00
239,240,"https://images-eu.ssl-images-amazon.com/images/I/81dMfrSyzlL._AC_UL302_SR302,200_.jpg",Ruskin Bond - Best Selling Children Story Books Collection (Set of 4 Books),Ruskin Bond,4.5,3462,490.00
240,241,"https://images-eu.ssl-images-amazon.com/images/I/71WI1r5j6HS._AC_UL302_SR302,200_.jpg",Animal Farm,George Orwell,4.6,43801,59.00
241,242,"https://images-eu.ssl-images-amazon.com/images/I/81ZBVOancOL._AC_UL302_SR302,200_.jpg","International English Olympiad (IEO) Work Book for Class 7 - MCQs, Previous Years Solved Paper and Achievers Section - Olympiad Books For 2022-2023 Exam",ZARRIN ALI KHAN,4.4,18,85.00
242,243,"https://images-eu.ssl-images-amazon.com/images/I/710HZ8zkZqL._AC_UL302_SR302,200_.jpg",Brain Activity Book for Kids - 200+ Activities for Age 4+,Maple Press,4.5,253,81.00
243,244,"https://images-eu.ssl-images-amazon.com/images/I/81YRlhnJvgL._AC_UL302_SR302,200_.jpg",FAMOUS FIVE: 01: FIVE ON A TREASURE ISLAND (STANDARD),Enid Blyton,4.6,2621,133.00
244,245,"https://images-eu.ssl-images-amazon.com/images/I/813ExjDkhxS._AC_UL302_SR302,200_.jpg",Relativity: The Special and the General Theory,Albert Einstein,4.5,3605,137.00
245,246,"https://images-eu.ssl-images-amazon.com/images/I/71H9cA7MvxS._AC_UL302_SR302,200_.jpg",The Art of War,Sun Tzu,4.3,10546,71.00
246,247,"https://images-eu.ssl-images-amazon.com/images/I/81P4+L4dGfL._AC_UL302_SR302,200_.jpg","Before the Coffee Gets Cold: A Novel (Before the Coffee Gets Cold Series, 1)",Toshikazu Kawaguchi,4.4,7954,331.00
247,248,"https://images-eu.ssl-images-amazon.com/images/I/61fi91+URuL._AC_UL302_SR302,200_.jpg",UPSSSC PET Preliminary Exam Guide for Group C & Other Posts 2022 Hindi,Arihant Experts,4.6,17,167.00
248,249,"https://images-eu.ssl-images-amazon.com/images/I/81r9aclIS8L._AC_UL302_SR302,200_.jpg",Oswaal CBSE Class 9 Science Chapterwise & Topicwise Question Bank Book (For 2022-23 Exam),Oswaal Editorial Board,4.4,35,360.89
249,250,"https://images-eu.ssl-images-amazon.com/images/I/81gepf1eMqL._AC_UL302_SR302,200_.jpg",To Kill a Mockingbrd,Harper Lee,4.5,57933,245.00
